Iteration,Puzzle,Algorithm,Random Seed,Start Time,End Time,Elapsed Time,Elapsed Milliseconds
1,Sudoku,Bogosort v.1,251,1/17/2023 2:14:54 AM,1/17/2023 2:14:54 AM,00:00:00.0200168,20.0168
2,Sudoku,Bogosort v.1,251,1/17/2023 2:14:54 AM,1/17/2023 2:14:54 AM,00:00:00.0195165,19.5165
3,Sudoku,Bogosort v.1,251,1/17/2023 2:14:54 AM,1/17/2023 2:14:54 AM,00:00:00.0195168,19.5168
4,Sudoku,Bogosort v.1,251,1/17/2023 2:14:54 AM,1/17/2023 2:14:54 AM,00:00:00.0195164,19.5164
5,Sudoku,Bogosort v.1,251,1/17/2023 2:14:54 AM,1/17/2023 2:14:54 AM,00:00:00.0200167,20.0167
